bids_name	aor	aqi	dummy_trs	dvars_nstd	dvars_std	dvars_vstd	efc	fber	fd_mean	fd_num	fd_perc	fwhm_avg	fwhm_x	fwhm_y	fwhm_z	gcor	gsr_x	gsr_y	size_t	size_x	size_y	size_z	snr	spacing_tr	spacing_x	spacing_y	spacing_z	spikes_num	summary_bg_k	summary_bg_mad	summary_bg_mean	summary_bg_median	summary_bg_n	summary_bg_p05	summary_bg_p95	summary_bg_stdv	summary_fg_k	summary_fg_mad	summary_fg_mean	summary_fg_median	summary_fg_n	summary_fg_p05	summary_fg_p95	summary_fg_stdv	tsnr
sub-01_ses-1_task-other_bold	0.0025534608030592736	0.004431684397705545	0	20.419788121283535	1.2638271979118771	1.0734139969348664	0.40594223172939037	111699952.0	0.15088633036444202	121	23.135755258126196	2.6221450622314646	2.53601	2.8958100000000004	2.4346151866943937	0.0215119	-0.003911536652594805	0.005326173733919859	523	80	80	37	4.838084658311114	2.0	3.0	3.0	3.299999952316284	2	99.85181715774436	47.743839263916016	3033.31982421875	32.987667083740234	152708.0	0.3379161819815636	10741.887646484325	17158.857421875	1.275949442678833	72020.734375	388544.90625	388361.125	42286.0	256177.609375	515069.8828125	80270.71875	67.22614288330078
sub-01_ses-1_task-self_run-1_bold	0.0030548172757475078	0.004598013056478406	0	19.973498338066666	1.2296266202333341	1.0185169218666668	0.40711758441146617	165212704.0	0.17829385290221264	110	36.54485049833887	2.6287221329837522	2.5400199999999997	2.902143333333333	2.4440030656179235	0.0195489	-0.0036650022957473993	0.00448300875723362	301	80	80	37	4.8844030377125005	2.0	3.0	3.0	3.299999952316284	0	95.54776700166468	38.79551315307617	3064.85986328125	26.329696655273438	152298.0	0.09466611109673977	11043.436328124993	17470.5859375	1.2549188245532301	72344.5	393150.5	393105.71875	42617.0	258720.528125	520487.83124999993	80480.890625	67.7896499633789
sub-01_ses-1_task-self_run-2_bold	0.0008667109634551495	0.004656586279069767	0	20.37368488013333	1.1904561487333334	1.8057775463666663	0.4055224194765224	177902224.0	0.1881657646997561	120	39.8671096345515	2.6139506177672724	2.53198	2.879356666666667	2.43051518663515	0.0301743	-0.0038757517468184233	0.004967233631759882	301	80	80	37	4.842650439816786	2.0	3.0	3.0	3.299999952316284	0	98.8094701231734	38.778114318847656	3007.818359375	26.980297088623047	152753.0	0.28478304743766786	10819.729687499988	17407.990234375	1.2791310227449584	73033.0546875	392845.65625	392682.1875	42314.0	258334.34140625002	520836.7046875	81087.3203125	69.53426361083984
sub-01_ses-2_task-other_bold	0.0007149904397705546	0.006063520172084129	0	22.876340023812254	1.1988948226245213	0.9690998136206896	0.40760664237441613	76258736.0	0.21613939533527454	256	48.94837476099426	2.66563506240197	2.5750266666666666	2.9518633333333333	2.4700151872059095	0.0164522	-0.004077398218214512	0.004078935366123915	523	80	80	37	4.690760482802506	2.0	3.0	3.0	3.299999952316284	0	99.10996748992542	57.56401062011719	2892.690185546875	39.304561614990234	152068.0	0.1842759057879448	10589.38437499996	16180.7744140625	1.2172069739523357	72732.8125	380434.75	380695.3125	42850.0	243953.40234375	507497.69062499993	81157.6015625	59.615333557128906
sub-01_ses-2_task-self_run-1_bold	0.0003781395348837209	0.003403546478405316	0	22.57463589343333	1.273993047000001	0.991698445199999	0.40598159799665595	428996128.0	0.15306286430949845	75	24.916943521594686	2.6280250622089874	2.54101	2.913116666666667	2.4299485199602953	0.0260552	-0.004322387278079987	0.005650897044688463	301	80	80	37	4.753208320934281	2.0	3.0	3.0	3.299999952316284	0	99.38209247223672	24.08069610595703	2820.8056640625	16.33090591430664	152507.0	0.054796222969889646	10336.668847656201	16187.705078125	1.3042568021445389	71808.5859375	379332.125	379162.6875	42521.0	247104.875	504625.15625	79768.90625	75.57014465332031
sub-01_ses-2_task-self_run-2_bold	0.00017411960132890367	0.0030595595348837205	0	22.66846757276668	1.255491402533333	0.9865284652333333	0.40681076267030686	460001376.0	0.18238425813517958	113	37.541528239202655	2.632588193516368	2.543903333333333	2.9251066666666667	2.428754580549104	0.0249404	-0.003927530720829964	0.005078130401670933	301	80	80	37	4.766425359807546	2.0	3.0	3.0	3.299999952316284	1	100.75235075346352	22.78877067565918	2792.37451171875	15.610240936279297	152157.0	0.11511755883693696	10001.998632812416	16156.9453125	1.166370921864698	71465.8984375	376885.15625	376517.5625	42748.0	245261.54296875	501482.8359375	78992.7734375	78.98904418945312
sub-02_ses-1_task-other_bold	0.0004889292543021033	0.007572525066921607	0	23.436887821513405	1.2571590792720313	0.9581342982950196	0.44029982056364686	149470608.0	0.16042254968089795	129	24.665391969407267	2.5349951630217564	2.4619066666666667	2.7540999999999998	2.3889788223986024	0.0250415	0.001478564809076488	0.0018272019224241376	523	80	80	37	5.5262131977817575	2.0	3.0	3.0	3.299999952316284	0	55.33218798686843	38.609397888183594	3855.75341796875	26.61420249938965	145873.0	0.23492339551448824	19131.65156249998	18877.03515625	2.750114610948601	55498.734375	364485.25	364604.0625	48342.0	261240.303125	462390.9203125	65976.515625	65.13390350341797
sub-02_ses-1_task-self_run-1_bold	0.0008530897009966777	0.004760823388704319	0	23.13457387296665	1.345957049866666	1.0031067193666667	0.4390961695761628	612089024.0	0.13879537819484739	43	14.285714285714286	2.5486906175253217	2.48593	2.7798599999999998	2.3802818525759646	0.038678	0.001452938886359334	0.0022405085619539022	301	80	80	37	5.317522671195582	2.0	3.0	3.0	3.299999952316284	5	67.37685003888912	18.601871490478516	3946.943359375	12.717484474182129	146038.0	0.10545916967093945	20457.751855468738	19571.2578125	2.749230914809246	57838.9765625	369144.8125	369194.96875	48390.0	259318.5109375	471946.3265625	69429.1640625	77.87924194335938
sub-02_ses-1_task-self_run-2_bold	0.0011311486486486487	0.004685957128378379	5	23.73145274132204	1.3398714422033897	1.0035196239661013	0.4402633733192887	174210400.0	0.15526607973191914	72	24.324324324324323	2.5461550619954543	2.48591	2.76694	2.385615185986363	0.037729	0.0015481291338801384	0.002089983783662319	296	80	80	37	5.441576502886547	2.0	3.0	3.0	3.299999952316284	9	61.626984235439025	36.759483337402344	3922.838623046875	25.086801528930664	145777.0	0.09767501354217528	20158.616015624873	19196.400390625	2.7423231294228785	55734.75	362697.03125	363146.625	48552.0	255839.43671875	461035.35468749993	66734.8671875	79.1446533203125
sub-02_ses-2_task-other_bold	0.0004241491395793499	0.0059078030210325035	0	20.483045841091954	1.1955111834099612	0.9950616026245201	0.43751219422903087	256708640.0	0.1640725204426631	126	24.091778202676863	2.582718900544106	2.52103	2.8072933333333334	2.419833368298984	0.0320654	0.0013554004253819585	0.0020113911014050245	523	80	80	37	5.250969871890288	2.0	3.0	3.0	3.299999952316284	3	61.22823191977544	30.192306518554688	3897.37841796875	20.487504959106445	146401.0	0.03270347788929939	20084.83984375	19180.99609375	2.4120966848767393	62510.984375	386203.21875	386150.6875	48226.0	270497.15625	498308.28125	73538.1640625	69.73705291748047
sub-02_ses-2_task-self_run-1_bold	0.0004368106312292358	0.005371352292358804	0	20.945011622233334	1.209219069133334	0.9796670083666665	0.43915345540072126	329698112.0	0.16743489345738957	85	28.239202657807308	2.5573864761705405	2.490813333333333	2.78874	2.3926060951782877	0.0519312	0.0015669038984924555	0.0021267684642225504	301	80	80	37	5.438748949648469	2.0	3.0	3.0	3.299999952316284	0	58.16255199235015	27.585121154785156	3880.281982421875	19.052715301513672	146184.0	0.12741240933537484	20142.662988281263	19189.716796875	2.480739970062741	59462.796875	377956.3125	378290.3125	48400.0	267121.7	481576.49999999994	69553.9375	73.49224853515625
sub-02_ses-2_task-self_run-2_bold	0.0009302657807308969	0.005993846345514951	0	20.96454178166665	1.2119214854333333	3.530749669633333	0.44075360699979854	291855616.0	0.16834582811974522	82	27.242524916943523	2.568446274234175	2.492646666666667	2.80268	2.410012156035859	0.0351058	0.0018471829826012254	0.0021654427982866764	301	80	80	37	5.38432936727736	2.0	3.0	3.0	3.299999952316284	0	54.361422726806985	28.427770614624023	4081.5595703125	19.480871200561523	145999.0	0.1398604616522789	21505.71933593751	19549.634765625	2.6142322108459277	59682.5	378101.90625	378653.28125	48620.0	266982.3125	482714.7453125	70324.3359375	70.52181243896484
sub-03_ses-1_task-other_bold	0.001449980879541109	0.0082961582791587	0	22.655576645574712	1.3173983577586192	2.4093480028735628	0.3844531553825628	419469728.0	0.12347885996523617	44	8.413001912045889	2.513518495821417	2.572433333333333	2.6899433333333334	2.2781788207975855	0.0220858	-0.00029402427026070654	0.000488869845867157	523	80	80	37	5.460330737279883	2.0	3.0	3.0	3.299999952316284	0	175.54890729530166	1.5504463911056519	173.03013610839844	1.0458861589431763	157863.0	0.0	775.3282897949207	1013.7327270507812	3.816561863239948	3570.47119140625	23566.181640625	23714.02734375	37980.0	16754.34375	29594.1876953125	4342.908203125	67.48684692382812
sub-03_ses-1_task-self_run-1_bold	0.0010406976744186047	0.005400867408637875	0	23.73529728259999	1.3612615298	1.0193275234000012	0.38427177054245354	816412032.0	0.13475014609781671	39	12.956810631229235	2.5160885968029256	2.580373333333333	2.69565	2.2722424570754436	0.0203641	-0.00023843989765737206	1.2287064237170853e-05	301	80	80	37	5.485857707366319	2.0	3.0	3.0	3.299999952316284	0	121.782257532387	1.1012858152389526	168.1021270751953	0.7518362998962402	157761.0	0.002660625847056508	751.6466064453125	987.1372680664062	3.9984467234632914	3528.0361328125	23331.021484375	23463.02734375	38018.0	16777.34990234375	29274.39013671875	4276.9462890625	84.21050262451172
sub-03_ses-1_task-self_run-2_bold	0.0008972757475083056	0.0047532675747508305	0	23.381774501800013	1.3835658723666673	1.0051903924333325	0.38470966452055366	349982176.0	0.14446215016179692	61	20.26578073089701	2.5035385967404715	2.57137	2.6799700000000004	2.259275790221414	0.0219757	-0.0003810910857282579	-0.00045445907744579017	301	80	80	37	5.551803518234711	2.0	3.0	3.0	3.299999952316284	2	114.08160786056874	1.7234190702438354	172.83351135253906	1.1706171035766602	157723.0	0.0018330660881474615	789.0732971191363	1009.3524169921875	3.7785181769707554	3508.37548828125	23373.26953125	23479.525390625	38048.0	16863.1447265625	29297.17041015625	4229.115234375	88.89275360107422
sub-04_ses-1_task-other_bold	0.001384378585086042	0.00484834690248566	0	20.117820173314172	1.1350242414559388	0.9858858264559388	0.3893619789052333	103723272.0	0.15900000798329966	110	21.032504780114724	2.549417890119891	2.532156666666667	2.7633666666666667	2.352730337026341	0.0334418	-0.005060537252575159	0.004953011404722929	523	80	80	37	4.662086996979787	2.0	3.0	3.0	3.299999952316284	0	87.9074694839488	2.891122341156006	182.06045532226562	1.978031039237976	157159.0	0.011718913726508618	867.3492797851569	955.6219482421875	2.0954734718800863	4021.52685546875	22249.265625	22026.408203125	38663.0	15202.9517578125	29781.684570312504	4724.52001953125	63.87997817993164
sub-04_ses-1_task-self_run-1_bold	0.0016272757475083055	0.004979904916943521	0	17.83168375003332	1.0890549546666666	0.9645897958666664	0.3899022413950178	72807656.0	0.14914608432692103	50	16.611295681063122	2.5625411225097667	2.5436633333333334	2.777393333333333	2.3665667008626343	0.00841833	-0.0045957425609230995	0.004761960823088884	301	80	80	37	4.6268060084208775	2.0	3.0	3.0	3.299999952316284	0	89.41271603295674	3.437703847885132	187.18653869628906	2.361833095550537	157061.0	0.014716940000653267	827.2093505859375	977.1741333007812	1.8910319942560436	4030.08349609375	22078.525390625	21837.66796875	38687.0	14937.595117187499	29664.295507812494	4719.75390625	66.31016540527344
sub-04_ses-1_task-self_run-2_bold	0.0013088704318936877	0.004670771162790697	0	16.96734887143333	1.072753256766668	0.9683181093999993	0.38932662629446546	178284832.0	0.14236822974941013	41	13.621262458471762	2.5719347588687036	2.5567466666666667	2.7934666666666668	2.3655909432727777	0.00973039	-0.004657020792365074	0.004049096256494522	301	80	80	37	4.6300984176371465	2.0	3.0	3.0	3.299999952316284	2	85.02715351822685	2.199406862258911	183.47256469726562	1.5247952938079834	157047.0	0.009686847217381	856.5719848632596	981.9268798828125	2.0009028803826396	3965.54541015625	21858.31640625	21653.90625	38826.0	14754.381591796875	29331.58837890625	4676.7099609375	69.24288177490234
sub-05_ses-1_task-other_bold	0.007465602294455066	0.008131806118546844	0	20.16259897888891	1.2635929283908036	1.2219930163026826	0.35315352683773865	316927360.0	0.12414054790657061	39	7.45697896749522	2.579604657883021	2.5324966666666664	2.835656666666667	2.3706606403157298	0.0239057	-0.007664038799703121	0.0006018098792992532	523	80	80	37	5.416714847143628	2.0	3.0	3.0	3.299999952316284	48	149.17293618654836	1.6691433191299438	163.03073120117188	1.1556940078735352	164621.0	0.015986429527401924	628.6326293945312	1029.8016357421875	2.809635754539622	3515.58740234375	22159.66796875	22280.720703125	32110.0	15344.089453125001	27992.30556640625	4113.26318359375	58.47544860839844
sub-05_ses-1_task-self_run-1_bold	0.001951827242524917	0.00465208996677741	0	18.540802856999992	1.1918791787333327	1.0391564091999996	0.35327130130365675	1053570176.0	0.1166143688230568	18	5.980066445182724	2.560188193115793	2.5214633333333336	2.8135133333333333	2.3455879126807115	0.0101599	-0.007821737788617611	0.0008337190374732018	301	80	80	37	5.348548017219175	2.0	3.0	3.0	3.299999952316284	1	155.5313055116659	0.9372414946556091	158.23692321777344	0.6373675465583801	164577.0	0.0	630.1438110351528	999.7330932617188	2.9930450528821444	3469.77001953125	21660.712890625	21793.76171875	32151.0	14978.18115234375	27370.298828125	4074.642822265625	76.67398071289062
sub-05_ses-1_task-self_run-2_bold	0.0008609302325581395	0.0035184240531561457	0	19.31999243119999	1.2596646028000003	0.9947687962000007	0.353694762335159	2188756992.0	0.08318204104356249	2	0.6644518272425249	2.5691610214690153	2.5329166666666665	2.814363333333333	2.360203064407046	0.010926	-0.0076734586618840694	0.00037655269261449575	301	80	80	37	5.340552864350286	2.0	3.0	3.0	3.299999952316284	3	167.87745634463286	0.6356441378593445	161.58126831054688	0.4295485317707062	164474.0	2.0393532622619953e-06	600.8334960937505	1032.8721923828125	2.827688322954601	3477.730224609375	21697.873046875	21840.517578125	32273.0	14839.914648437501	27414.29218749999	4089.497802734375	86.45523834228516
sub-06_ses-1_task-other_bold	0.0035946845124282985	0.01376360841300191	0	25.80114228681991	1.1355972966858239	1.1640698491570887	0.4031531864253055	46881124.0	0.25146245252388993	235	44.93307839388145	2.512522839656832	2.4354566666666666	2.7406633333333335	2.361448518970497	0.0165948	-0.008080605417490005	0.0043519060127437115	523	80	80	37	4.705978258702286	2.0	3.0	3.0	3.299999952316284	3	103.8889515011765	71.57780456542969	2673.894775390625	50.723670959472656	153378.0	0.7632349401712418	11133.62124023436	14676.3154296875	2.1356450145286114	68804.234375	388535.125	382341.03125	42237.0	272583.8625	521317.83125	81244.8515625	41.017738342285156
sub-06_ses-1_task-self_run-1_bold	0.0014882724252491695	0.010513386877076411	0	24.889335867533322	1.1114059076999996	1.2762870686333352	0.4042314815957091	104426200.0	0.2245612413488123	128	42.524916943521596	2.5111532435009845	2.4521566666666668	2.7606	2.3207030638362864	0.0255765	-0.007587288971990347	0.004275516141206026	301	80	80	37	4.674833745837747	2.0	3.0	3.0	3.299999952316284	1	109.61909455367616	47.62434005737305	2545.3720703125	32.91671371459961	152995.0	0.2864463567733765	9915.699218749996	14582.5908203125	2.034354815884008	68109.125	382476.375	376256.5	42707.0	266505.546875	514240.390625	80484.59375	46.83975601196289
sub-06_ses-1_task-self_run-2_bold	0.002058239202657807	0.01234959531561462	0	28.575327402800006	1.0834531006333334	0.9341211083333341	0.40348263059399747	129799736.0	0.3189549850131147	188	62.458471760797345	2.511060819284438	2.4581166666666667	2.7489899999999996	2.3260757911866476	0.0251742	-0.007876714691519737	0.004458565264940262	301	80	80	37	4.693593152947466	2.0	3.0	3.0	3.299999952316284	2	113.23424279176866	42.66896438598633	2653.329345703125	30.029584884643555	153353.0	0.6160822153091431	11006.912890624992	14932.158203125	2.042984342708567	68833.234375	388571.96875	382151.0625	42446.0	272184.9609375	522642.5078125	81418.765625	42.10581588745117
sub-06_ses-2_task-other_bold	0.0045977437858508614	0.007429120956022945	0	21.07209938971264	1.1896022137739448	1.023689847739463	0.39705445564800684	207500240.0	0.18758853430111735	183	34.990439770554495	2.446471929919836	2.400866666666667	2.71124	2.2273091230928412	0.0215053	-0.006374863907694817	0.00199917983263731	523	80	80	37	4.5682962567533645	2.0	3.0	3.0	3.299999952316284	10	122.712810297922	33.38623809814453	2263.189208984375	23.051145553588867	154547.0	0.27769543826580045	8396.866894531238	13675.2861328125	2.149819517515235	67338.7734375	374206.1875	367578.4375	41451.0	259435.53125	505865.171875	80461.9453125	55.84605407714844
sub-06_ses-2_task-self_run-1_bold	0.001339800664451827	0.0043469773089701	0	20.79732482916667	1.1778856760999998	0.9938329286999997	0.3973626963586351	724938112.0	0.16013483916833676	73	24.25249169435216	2.4370925358695743	2.3954233333333335	2.7115633333333338	2.2042909409420552	0.027379	-0.00658045057207346	0.0021679981146007776	301	80	80	37	4.5841071053175995	2.0	3.0	3.0	3.299999952316284	2	114.63199818706543	17.745136260986328	2313.489501953125	12.129921913146973	154589.0	0.06789146959781647	8813.413085937507	13857.5556640625	2.1410467892881773	66779.671875	372031.75	365831.875	41516.0	257986.62890625	502491.9453125	79803.4296875	70.80513763427734
sub-06_ses-2_task-self_run-2_bold	0.0012571760797342193	0.005178688239202657	0	21.21343998246666	1.1807732098	0.9831627995333324	0.3989554287744893	746819712.0	0.15590549046939292	69	22.92358803986711	2.4363707177674914	2.391793333333333	2.6964733333333335	2.2208454866358074	0.0232597	-0.006660240702331066	0.001766321947798133	301	80	80	37	4.618674071889716	2.0	3.0	3.0	3.299999952316284	1	112.67056432127852	17.20444679260254	2316.95263671875	11.772945404052734	154184.0	0.07799571938812734	8894.441455078142	13955.34375	2.1650531502408565	65656.9453125	367564.78125	361497.1875	41833.0	255713.4125	494097.475	78267.671875	66.22041320800781
sub-07_ses-1_task-other_bold	0.000982657743785851	0.00749991636711281	0	20.668244864540213	1.1415625875095778	0.9521925646934861	0.4229093767147371	38262092.0	0.11405481685342168	33	6.309751434034417	2.519920920449938	2.420236666666667	2.7811866666666667	2.358339428016481	0.00916557	-0.0025105178356170654	0.0007269105408340693	523	80	80	37	4.892630978183363	2.0	3.0	3.0	3.299999952316284	1	70.18968395880435	72.1662826538086	3231.419189453125	49.7111701965332	150035.0	0.40012723505496983	13367.311425781241	16368.4248046875	3.019792035320515	54295.58203125	338823.71875	337058.375	44756.0	232316.26953125	440949.53125	68890.2578125	60.841495513916016
sub-07_ses-1_task-self_run-1_bold	0.000570797342192691	0.0044388096013289035	0	19.147880296533344	1.1612169482	0.984770222533334	0.4220190341859845	229056656.0	0.10381420392073638	19	6.312292358803987	2.517194354754825	2.4271133333333332	2.7741333333333333	2.3503363975978098	0.0143331	-0.002573717385530472	0.0010977101046591997	301	80	80	37	4.990056772188564	2.0	3.0	3.0	3.299999952316284	0	67.28908828360998	29.652921676635742	3077.297119140625	20.201480865478516	150064.0	0.08044994361698629	12434.121875000003	16192.4052734375	3.0174836498452358	52860.91015625	336286.125	335283.625	44852.0	231278.21640625	435082.55937499995	67189.59375	76.41191864013672
sub-07_ses-1_task-self_run-2_bold	0.0001220598006644518	0.0036002289036544855	0	17.963376264400008	1.134241434933333	0.9804595836000004	0.422530957828376	393200288.0	0.08172958949544286	3	0.9966777408637874	2.5149884961523132	2.4202166666666667	2.77787	2.3468788217902734	0.00932804	-0.0025298958644270897	0.0008298833854496479	301	80	80	37	4.933216094168184	2.0	3.0	3.0	3.299999952316284	0	63.94388182988048	22.699962615966797	3121.224609375	15.550013542175293	149975.0	0.10881046876311301	13266.7662109375	16389.669921875	3.217717105697642	52799.125	337813.90625	336178.5625	44915.0	234220.15625000003	438951.32499999995	68145.1640625	83.2221908569336
sub-07_ses-2_task-other_bold	0.0032199235181644362	0.008085171988527724	0	21.157882408908065	1.177568898141763	1.0349656498659003	0.4244904735809465	31397148.0	0.15062235488036002	124	23.709369024856596	2.6105918298404647	2.5243266666666666	2.886903333333333	2.420545489521395	0.011514	-0.003071227576583624	0.0019585834816098213	523	80	80	37	4.614352881525222	2.0	3.0	3.0	3.299999952316284	0	63.7511123017065	98.0344009399414	4112.9619140625	67.4290542602539	149581.0	0.5196796655654907	17359.658203125	20458.70703125	2.215824120922127	75101.4921875	422441.09375	421077.125	45503.0	277036.03125	563358.55	91252.7734375	54.99391174316406
sub-07_ses-2_task-self_run-1_bold	0.0002258471760797342	0.0026878147840531563	0	18.687222703333347	1.164028310499999	0.9967235448666666	0.4221987568047159	782870784.0	0.1517216775471776	79	26.245847176079735	2.5467540517598874	2.4644366666666664	2.818146666666667	2.357678821946329	0.0181402	-0.003122716909274459	0.0021047648042440414	301	80	80	37	4.70463826796327	2.0	3.0	3.0	3.299999952316284	0	62.41546559101502	19.710458755493164	3911.383544921875	13.529325485229492	149972.0	0.1458232007920742	17453.65117187499	20398.6015625	2.092321410847057	74509.0546875	423574.75	421431.4375	45023.0	280187.8625	562673.05	89576.8671875	88.39312744140625
sub-07_ses-2_task-self_run-2_bold	0.0027782392026578073	0.005425227840531561	0	18.735928103133347	1.1466625424666674	1.0073877140333327	0.4244561345197993	140074976.0	0.16003279374199172	86	28.571428571428573	2.5766099104940516	2.49092	2.8504400000000003	2.388469731482155	0.0152518	-0.003380519337952137	0.0026220926083624363	301	80	80	37	4.674957459773372	2.0	3.0	3.0	3.299999952316284	3	61.1458347960975	45.99290466308594	4110.98583984375	32.141212463378906	149532.0	0.5106954455375672	18753.674121093725	20995.484375	2.247197723497706	74015.7421875	421522.625	420050.9375	45442.0	277292.36875	558523.8718750001	89850.296875	66.56610107421875
sub-08_ses-1_task-other_bold	0.0011260229445506692	0.0045081437667304014	0	25.435680188314187	1.2557303875095784	1.0502241309578548	0.3972281780529841	158619200.0	0.2616281999979257	322	61.5678776290631	2.4865303140055417	2.4244533333333336	2.75648	2.2786576086832913	0.00979777	-0.007558504585176706	0.002846701070666313	523	80	80	37	4.361438685359476	2.0	3.0	3.0	3.299999952316284	0	116.34645577003933	43.28451156616211	2740.825927734375	29.86832618713379	154273.0	0.2999653160572052	11531.31835937496	15038.087890625	1.6108490265284656	80820.125	422632.375	415844.125	41006.0	281241.609375	582817.46875	95344.46875	64.35165405273438
sub-08_ses-1_task-self_run-1_bold	0.0013860797342192693	0.006169891794019934	0	25.04818775796667	1.2010312003666663	0.9491396593666667	0.39739642729000985	432631584.0	0.24823324593105453	182	60.46511627906977	2.488539505964667	2.4139266666666668	2.7647433333333336	2.2869485178940008	0.0231445	-0.007789985742419958	0.0024804379791021347	301	80	80	37	4.402076824223428	2.0	3.0	3.0	3.299999952316284	0	118.71558504698929	26.23382568359375	2682.247314453125	18.036161422729492	154171.0	0.13510020822286606	11708.611328125	15111.3564453125	1.7263137563011384	79368.28125	421455.75	415366.0	41132.0	280920.2984375	578296.7874999999	94355.6796875	59.693824768066406
sub-08_ses-1_task-self_run-2_bold	0.001531328903654485	0.004681282126245847	0	25.361096846	1.2467862218000008	1.0173009588333326	0.39798140758905687	245619648.0	0.26731568394108635	197	65.4485049833887	2.48420061704126	2.407223333333333	2.7655966666666667	2.279781851123779	0.0211379	-0.007976225577294827	0.002992189023643732	301	80	80	37	4.3899500817066865	2.0	3.0	3.0	3.299999952316284	3	124.02254257313862	34.435482025146484	2766.597900390625	23.82765007019043	154039.0	0.276694080233574	11801.041601562505	15637.12890625	1.6192049421743082	81277.734375	425338.65625	418559.65625	41207.0	282974.65	584481.7124999999	95343.8125	65.47468566894531
sub-08_ses-2_task-other_bold	0.003824512428298279	0.008121584206500958	0	26.207464371417604	1.265450626743295	7.633143781609192	0.39914893566806137	32082756.0	0.22048907191645192	271	51.81644359464627	2.477939000991299	2.4061566666666665	2.7246966666666665	2.3029636696405653	0.0209124	-0.008089435286819935	0.0024670937564224005	523	80	80	37	4.3809063526655025	2.0	3.0	3.0	3.299999952316284	1	136.71467997790717	96.12232971191406	3050.402099609375	65.72525024414062	154265.0	0.24346168935298923	12932.796679687483	15838.7607421875	1.632682555895638	80193.3984375	424487.78125	417380.75	40972.0	283689.6359375	582865.003125	95271.53125	50.71336364746094
sub-08_ses-2_task-self_run-1_bold	0.0008547508305647841	0.010737198870431893	0	26.51254277556666	1.145421624966667	1.0640909565333339	0.3982409168339249	43180764.0	0.27961264415837966	208	69.1029900332226	2.489975364700276	2.414683333333333	2.7372033333333334	2.3180394274341616	0.0335427	-0.00891277939081192	0.0027754269540309906	301	80	80	37	4.367471358770496	2.0	3.0	3.0	3.299999952316284	1	143.39800920050072	81.42521667480469	3192.4521484375	57.160648345947266	154629.0	1.1482711076736452	13850.216406250001	17048.607421875	1.722381530490872	80548.296875	429909.84375	422946.90625	40851.0	286064.09375	590893.1875	96839.0390625	44.50516128540039
sub-08_ses-2_task-self_run-2_bold	0.0012187707641196015	0.0053913830232558135	0	25.265023104200022	1.2200199704333332	1.0017453895333344	0.3982691340553634	179415200.0	0.2588677276610872	187	62.12624584717608	2.446636677584472	2.36728	2.7058966666666664	2.2667333660867484	0.035148	-0.008608639240264893	0.0035368469543755054	301	80	80	37	4.426197877709853	2.0	3.0	3.0	3.299999952316284	1	166.9491634267776	41.01518249511719	3037.416748046875	28.405242919921875	154497.0	0.3641530394554138	12799.65371093728	17327.541015625	1.7817198231635087	80135.90625	427961.375	421201.71875	40944.0	287360.1859375	585064.140625	95159.90625	60.89048767089844
sub-09_ses-1_task-other_bold	0.0014431931166347992	0.008291066347992352	0	18.856554707413782	1.177754331360153	1.281561840249042	0.35991329467761696	131199352.0	0.15992745976758516	104	19.88527724665392	2.584624354937372	2.5583199999999997	2.807316666666667	2.38823639814545	0.0266131	-0.00494703184813261	0.0019401895115152001	523	80	80	37	5.755492968262945	2.0	3.0	3.0	3.299999952316284	2	86.66541371345824	2.8557329177856445	167.63475036621094	1.9677233695983887	163780.0	0.020227857120335105	461.1406616210918	937.4072875976562	3.5395693240007615	3429.4951171875	24215.044921875	24306.673828125	33624.0	17540.73935546875	30354.428125	4223.150390625	64.54205322265625
sub-09_ses-1_task-self_run-1_bold	0.0012927906976744185	0.00502346365448505	0	17.960291226766667	1.2038786709999998	1.3694447040666673	0.35982844030337724	524756160.0	0.14766375569851103	58	19.269102990033222	2.5528854658985285	2.5315866666666667	2.769966666666667	2.3571030643622524	0.0542017	-0.005027607548981905	0.002340015722438693	301	80	80	37	5.832971557480101	2.0	3.0	3.0	3.299999952316284	5	83.1466145126059	1.431134581565857	166.73350524902344	0.9727770686149597	163721.0	0.0011440487578511238	329.89666748046875	956.9796752929688	3.3777436811436106	3380.83984375	23946.078125	24016.3984375	33632.0	17467.9306640625	29972.438281249997	4117.291015625	79.65545654296875
sub-09_ses-1_task-self_run-2_bold	0.0011746511627906977	0.0051646665780730894	0	16.529072777566675	1.1467818862999988	1.984349174599998	0.35969250302825734	1157917184.0	0.15149586662023234	53	17.60797342192691	2.5400393041955964	2.52626	2.75477	2.339087912586789	0.0307918	-0.00502614863216877	0.0025205041747540236	301	80	80	37	5.8646613183963865	2.0	3.0	3.0	3.299999952316284	3	83.78937704369555	0.955292820930481	164.70083618164062	0.6443352103233337	163801.0	0.0	433.1148376464844	943.6669311523438	3.7027184912217184	3361.08251953125	23971.537109375	24035.55859375	33558.0	17659.64111328125	29950.407910156246	4098.31005859375	79.924072265625
sub-10_ses-1_task-other_bold	0.0021589866156787765	0.014774767476099425	0	23.028978000900377	1.2038925624712644	0.9684568016475094	0.4062204713712477	19146206.0	0.14233639441405532	66	12.619502868068833	2.5943081935687076	2.5072300000000003	2.8360733333333332	2.43962124737279	0.0146528	-0.004772832617163658	0.004942586645483971	523	80	80	37	5.344864366253533	2.0	3.0	3.0	3.299999952316284	0	94.18375909069113	7.081089973449707	185.06956481933594	4.836703300476074	154186.0	0.0	881.5321044921875	934.7109985351562	2.2627070260652165	3603.020263671875	23080.244140625	22954.95703125	42036.0	16415.63720703125	29865.62158203125	4294.7177734375	44.876487731933594
sub-10_ses-1_task-self_run-1_bold	0.0023181270903010033	0.008987464113712373	2	22.954595271409385	1.2254987022147645	0.9261532087248323	0.4036595963577607	224027792.0	0.15275305838548192	56	18.729096989966557	2.5880352643487705	2.5025333333333335	2.8067966666666666	2.4547757930463123	0.0237209	-0.005544060841202736	0.004869300406426191	299	80	80	37	5.179030477283878	2.0	3.0	3.0	3.299999952316284	3	88.45365149537011	2.0103089809417725	168.91676330566406	1.384113073348999	154345.0	0.0033443380147218753	833.5689575195298	926.9931030273438	2.424657088466234	3635.689697265625	22915.53515625	22754.412109375	41998.0	16147.925146484376	29809.1435546875	4393.513671875	59.781349182128906
sub-10_ses-1_task-self_run-2_bold	0.004475913621262459	0.006696201162790699	0	22.974549490733338	1.3485043669666656	1.1234968199	0.40570761526320526	95308576.0	0.139793115387293	39	12.956810631229235	2.5797462744721122	2.4901066666666667	2.7897200000000004	2.4594121567496696	0.0258755	-0.0052407849580049515	0.004082616418600082	301	80	80	37	5.262639410509758	2.0	3.0	3.0	3.299999952316284	0	90.16546244981376	3.012589454650879	176.7993621826172	2.0319607257843018	153989.0	0.0	824.4676757812508	926.9813842773438	2.2552978316947137	3606.27783203125	22852.951171875	22730.9296875	42208.0	16133.806298828125	29706.3134765625	4319.2509765625	66.83407592773438
sub-11_ses-1_task-other_bold	0.0012447418738049715	0.0049301855640535375	0	17.454306372375477	1.1165169417241376	2.0799672337356334	0.3559050302638751	429117440.0	0.09281105838592095	5	0.9560229445506692	2.440752738226423	2.4101500000000002	2.6379233333333336	2.274184881345935	0.0075653	-0.011971372179687023	0.007546937558799982	523	80	80	37	4.624892659468794	2.0	3.0	3.0	3.299999952316284	2	134.07827440192887	1.4693922996520996	155.25994873046875	1.0044896602630615	164235.0	0.0037587103433907036	531.4633605957022	881.7288818359375	2.1165757618439907	3896.30322265625	21824.74609375	21605.984375	32876.0	14740.732177734375	29250.94873046875	4671.6015625	68.73641204833984
sub-11_ses-1_task-self_run-1_bold	0.0011473089700996678	0.003515147109634552	0	17.646948719266668	1.1231536119333336	0.9923135909666666	0.3570931942131558	757713920.0	0.0857718741508132	2	0.6644518272425249	2.4484277887525785	2.4118533333333336	2.6548633333333336	2.2785666995910687	0.00805671	-0.011834310367703438	0.008030123077332973	301	80	80	37	4.6100615273053736	2.0	3.0	3.0	3.299999952316284	1	187.13839730160439	1.0573132038116455	158.48770141601562	0.7161731123924255	163923.0	0.00109287096420303	502.3574981689427	907.7327270507812	2.1128383600885696	3899.915771484375	21798.431640625	21581.21484375	33095.0	14622.58720703125	29274.031445312503	4681.25830078125	77.03608703613281
sub-11_ses-1_task-self_run-2_bold	0.0058142524916943526	0.006496089269102989	0	19.146545619866664	1.198906746199999	1.0561998114666673	0.3573936103207127	143603200.0	0.11160300426127089	20	6.644518272425249	2.4687345565741485	2.418953333333333	2.67862	2.308630336389113	0.00921944	-0.012164345942437649	0.008370378986001015	301	80	80	37	4.603983675485282	2.0	3.0	3.0	3.299999952316284	6	191.1104520902286	2.5353338718414307	157.80859375	1.737626075744629	163894.0	0.007918571773916482	490.578843688965	913.8638305664062	2.0550003099196434	3954.592529296875	21903.29296875	21712.736328125	33217.0	14702.27265625	29358.09609375	4716.0048828125	60.46934509277344
sub-12_ses-1_task-other_bold	0.0008163479923518163	0.0042260396558317405	0	24.714481298812245	1.343543393946361	1.0206246335440612	0.43516092127709166	382907840.0	0.17292555501627593	156	29.82791586998088	2.524017485855898	2.4588300000000003	2.8069133333333336	2.3063091242343603	0.0094402	-0.003259349847212434	0.009107115678489208	523	80	80	37	4.621056459184017	2.0	3.0	3.0	3.299999952316284	1	83.4918160365272	1.4955328702926636	201.7021942138672	1.0087215900421143	146420.0	0.0	1123.5576660156196	1019.9069213867188	1.8818575237653565	4590.0556640625	24718.576171875	24348.015625	48447.0	17530.1822265625	33601.5359375	5268.8740234375	77.7266845703125
sub-12_ses-1_task-self_run-1_bold	0.0011029568106312292	0.005043536146179402	0	23.92869689286665	1.2862525583000008	0.9917746940666674	0.43521366639934966	331598944.0	0.18301566691753643	106	35.21594684385382	2.5513533445921492	2.4836933333333335	2.8328333333333333	2.337533367109781	0.0101425	-0.003118697553873062	0.008331891149282455	301	80	80	37	4.586488489036095	2.0	3.0	3.0	3.299999952316284	0	83.9197006337081	1.753473162651062	192.08297729492188	1.193733811378479	146237.0	0.0017649050569161773	1101.1896240234303	1002.8760986328125	1.786745978413581	4533.609375	24198.470703125	23836.984375	48745.0	17103.077343750003	32982.28359375	5197.16552734375	70.49373626708984
sub-12_ses-1_task-self_run-2_bold	0.001116345514950166	0.003317879667774086	0	24.269522978966663	1.3639305203000012	1.0414421303333337	0.435883825408515	372986112.0	0.18228812276865475	109	36.21262458471761	2.535677182888414	2.46785	2.81983	2.3193515486652423	0.0135399	-0.003160949796438217	0.007792591117322445	301	80	80	37	4.5857440775064555	2.0	3.0	3.0	3.299999952316284	0	81.50056457242955	1.6354565620422363	197.3134002685547	1.119619369506836	146108.0	0.0012645254784729334	1136.6323364257762	1020.7562866210938	1.7892135312017965	4553.87646484375	24278.919921875	23915.87890625	48800.0	17171.09736328125	33058.96425781249	5215.21337890625	83.79104614257812
sub-13_ses-1_task-other_bold	0.0008711089866156788	0.007500307151051625	0	23.744213533448267	1.2332335970881214	1.0101551661302686	0.4239690631141058	128049880.0	0.1814902417810111	194	37.09369024856596	2.469867990680274	2.4075866666666665	2.7426566666666665	2.2593606387074883	0.0166579	-0.005209681112319231	0.007034542504698038	523	80	80	37	5.014185290090998	2.0	3.0	3.0	3.299999952316284	0	84.38698859388336	39.943233489990234	3057.33447265625	27.154266357421875	149031.0	0.14266064018011093	14438.26318359375	15311.95703125	2.3037995414956187	60793.91796875	355887.90625	353873.9375	45573.0	250201.065625	464515.90625	70573.7890625	61.27022933959961
sub-13_ses-1_task-self_run-1_bold	0.0018977076411960134	0.004897475913621263	0	22.90259435036667	1.2723023179666666	0.9995209014666667	0.423752731083077	233435360.0	0.16931674323984458	84	27.906976744186046	2.4708696068723217	2.4041633333333334	2.742766666666667	2.2656788206169653	0.015799	-0.00542659405618906	0.007105652708560228	301	80	80	37	4.980049976968195	2.0	3.0	3.0	3.299999952316284	1	78.56963457738274	30.50774383544922	3116.07763671875	21.072429656982422	148910.0	0.1427607096731663	14104.421337890592	15921.763671875	2.2459528741085624	62414.6796875	363031.4375	360931.5625	45598.0	254204.39921874998	475136.65937500005	72474.6953125	73.04519653320312
sub-13_ses-1_task-self_run-2_bold	0.001452093023255814	0.0040774985382059795	0	22.860125477733334	1.2969663591333331	1.0080403361666666	0.4235948605941665	319817792.0	0.15554931663709856	70	23.25581395348837	2.451197990615732	2.3865633333333336	2.7210699999999997	2.2459606385138633	0.0232525	-0.0052709076553583145	0.006906977854669094	301	80	80	37	5.001550584151518	2.0	3.0	3.0	3.299999952316284	0	77.11938582113946	26.168132781982422	3034.888671875	17.95760726928711	148942.0	0.13188523650169373	13872.409082031165	15969.9560546875	2.3792158345560024	61252.04296875	359270.96875	357391.0	45661.0	252231.140625	468847.25	71455.2578125	77.67216491699219
sub-13_ses-2_task-other_bold	0.0005040152963671128	0.0052452963097514346	0	23.23653040812261	1.3009169013026793	0.9752877138697312	0.42600195985921047	96870448.0	0.1412297327978854	89	17.017208413001914	2.4593146571809306	2.3995166666666665	2.7535333333333334	2.2248939715427913	0.0280108	-0.005540760699659586	0.007033064495772123	523	80	80	37	5.078003202949069	2.0	3.0	3.0	3.299999952316284	0	79.03227845506444	48.17732238769531	3042.1875	33.0377311706543	148384.0	0.2000141650438309	13845.082568359412	15378.8037109375	2.533312127187174	61595.3125	369234.21875	367873.65625	46188.0	261664.82265624998	480603.784375	72443.765625	70.1234359741211
sub-13_ses-2_task-self_run-1_bold	0.00038906976744186047	0.005445888106312293	0	22.03875576956667	1.2584988190666666	0.9761348335666667	0.4247297118334017	231902800.0	0.1474661576384655	62	20.59800664451827	2.470518798666561	2.4041533333333334	2.767666666666667	2.239736395999683	0.0419469	-0.005419768393039703	0.0064807008020579815	301	80	80	37	5.039659355790776	2.0	3.0	3.0	3.299999952316284	0	78.93913229705592	31.547941207885742	2910.802001953125	21.786996841430664	148584.0	0.20221230983734134	13576.512939453129	14932.328125	2.542558741993557	60906.4609375	365393.125	363446.9375	46008.0	258605.01015625	476248.8328125	72116.578125	69.46234130859375
sub-13_ses-2_task-self_run-2_bold	0.0004968770764119602	0.004315001328903655	0	21.908288593466676	1.2777057584000007	0.9900820120999998	0.4246276271156111	460328800.0	0.14969791955979944	61	20.26578073089701	2.4585656672968867	2.3931999999999998	2.7545	2.2279970018906594	0.0463143	-0.0055090561509132385	0.006761533673852682	301	80	80	37	5.0288912232259015	2.0	3.0	3.0	3.299999952316284	1	77.06503517661967	22.617586135864258	2943.776611328125	15.536808967590332	148661.0	0.07884792238473892	13358.9287109375	15237.3515625	2.519724194662924	60960.2265625	364199.09375	362442.8125	45960.0	257294.18046875	474278.8531249999	72071.328125	75.83346557617188
sub-14_ses-1_task-self_run-1_bold	0.001056544850498339	0.006658439734219269	0	20.767261225299986	1.1593335385000003	0.954428897933333	0.4113551137493962	252374640.0	0.09492799893793746	3	0.9966777408637874	2.3868384959132527	2.3166533333333335	2.5466166666666665	2.297245487739758	0.013612	-5.326429891283624e-05	0.002585656475275755	301	80	80	37	4.458600310279963	2.0	3.0	3.0	3.299999952316284	0	78.40415756461728	1.9271401166915894	205.1341094970703	1.3096740245819092	151924.0	0.00510759202297777	961.1917388916022	1047.6123046875	2.484335848150491	4370.4189453125	24224.939453125	23915.279296875	43537.0	16334.76875	32757.401562499996	5363.7919921875	60.43449020385742
sub-14_ses-1_task-self_run-2_bold	0.0013318936877076413	0.005376855083056479	0	23.383546218899998	1.2517274396666669	1.2500628838333327	0.4121973734841458	118430864.0	0.11013842679486235	14	4.651162790697675	2.374228899847795	2.310373333333333	2.5370466666666665	2.2752666995433852	0.0152472	2.7156042051501572e-05	0.002902825828641653	301	80	80	37	4.425117982710251	2.0	3.0	3.0	3.299999952316284	0	78.23541047284226	2.790426731109619	210.80723571777344	1.9147000312805176	151909.0	0.013101952709257608	993.0015991210945	1056.043212890625	2.4031322846103897	4426.34375	24123.96875	23808.09765625	43502.0	16233.746240234375	32776.469140624984	5380.15576171875	64.54174041748047
sub-15_ses-1_task-other_bold	0.0007604971319311665	0.01728278833652008	0	21.336328943065144	1.063623978869732	0.8951059581609189	0.42891940162923764	51695080.0	0.20200371688759983	227	43.40344168260038	2.6096713253110218	2.46494	2.8353466666666667	2.528727309266398	0.0083114	9.448948731005657e-06	0.006557429675012827	523	80	80	37	4.648142142168106	2.0	3.0	3.0	3.299999952316284	0	54.99222519490375	73.79457092285156	4357.482421875	51.303466796875	148292.0	0.5276024460792542	22615.22802734368	19917.072265625	1.8246983095982978	72232.796875	405050.15625	402103.5	45903.0	267725.209375	543192.13125	86507.4921875	43.61402130126953
sub-15_ses-1_task-self_run-1_bold	0.0013419933554817277	0.005537131362126246	0	20.719552097600005	1.1927514550999996	0.9875515120666671	0.4290056749729463	47244768.0	0.1946039877851931	121	40.199335548172755	2.5640768807705676	2.41534	2.7680966666666666	2.5087939756450357	0.0201511	0.0003806520835496485	0.007621395867317915	301	80	80	37	4.667241136544319	2.0	3.0	3.0	3.299999952316284	0	50.018069619854124	74.41563415527344	4444.740234375	50.826541900634766	148619.0	0.29059489369392394	21993.975000000013	19902.0625	1.8344942883902178	70836.34375	402259.28125	399523.0625	45638.0	266663.1796875	538020.384375	85600.609375	64.61961364746094
sub-15_ses-1_task-self_run-2_bold	0.0015212956810631228	0.007974218139534885	0	20.843732967533334	1.1454179737333336	0.9974246386999976	0.4284075996128006	65947956.0	0.19549281672798238	128	42.524916943521596	2.57237991108761	2.4189966666666667	2.7864400000000002	2.511703066596162	0.00934986	9.891797526506707e-05	0.007569171022623777	301	80	80	37	4.68424651016908	2.0	3.0	3.0	3.299999952316284	0	48.77943960184269	62.82121658325195	4517.6220703125	42.54648208618164	148846.0	0.09709091857075691	22663.2548828125	20099.458984375	1.874318215044572	70651.203125	403806.03125	400917.9375	45520.0	268318.3359375	539696.9406249998	85587.625	58.923885345458984
sub-15_ses-2_task-other_bold	0.0013248374760994263	0.00526062793499044	0	23.384111517816113	1.2886405637164733	0.9969420860344826	0.4281373061999691	76036496.0	0.20075120333286944	214	40.91778202676864	2.5594900116560195	2.4395166666666666	2.8189533333333334	2.4200000349680586	0.0182323	-0.001227602013386786	0.006554690655320883	523	80	80	37	4.736314397009766	2.0	3.0	3.0	3.299999952316284	1	53.943991784435276	66.41351318359375	4446.23583984375	45.876075744628906	148304.0	0.47495315521955495	22574.445996093753	21114.97265625	1.9412724221868558	77425.890625	447376.90625	444110.125	45953.0	299674.05	595194.85	93766.0078125	66.23192596435547
sub-15_ses-2_task-self_run-1_bold	0.0003146179401993356	0.004380708006644518	0	21.942942549799987	1.2446639508666677	0.9656700488666669	0.4281744021160844	223506960.0	0.1734277984262178	99	32.89036544850498	2.556325365197664	2.4355733333333336	2.8120966666666667	2.4213060955929913	0.0154626	-0.0010977813508361578	0.005724812392145395	301	80	80	37	4.719524294821068	2.0	3.0	3.0	3.299999952316284	0	50.88533444282706	37.979087829589844	4511.40673828125	26.034942626953125	148250.0	0.2204456187784672	23790.508300781246	21463.48828125	2.0162615315176753	77176.703125	449769.9375	447016.0	46034.0	299421.1234375	598850.98125	94715.296875	73.4898681640625
sub-15_ses-2_task-self_run-2_bold	0.0007828903654485051	0.0042188720265780725	0	22.58844973236667	1.2562089250333324	0.9773445964000007	0.4287080157203575	337059104.0	0.17927318942473885	106	35.21594684385382	2.5489182944408806	2.42405	2.8117199999999998	2.4109848833226417	0.0144278	-0.0014913115883246064	0.006168745923787355	301	80	80	37	4.721293862504527	2.0	3.0	3.0	3.299999952316284	5	47.986300144986984	31.634532928466797	4538.66455078125	21.660614013671875	148233.0	0.1277814656496048	24574.84687499998	21417.15234375	1.964383992024887	77090.1015625	445078.4375	442031.0625	46108.0	296144.2546875	592034.628125	93623.96875	74.48477935791016
sub-16_ses-1_task-other_bold	0.0031622370936902487	0.007907356175908221	0	19.114798638927212	1.1404779950766282	0.9742096811111106	0.4109468154202187	157972240.0	0.11151542749936275	33	6.309751434034417	2.5786701123596134	2.55551	2.8241366666666665	2.356363670412174	0.0305147	-0.005765085574239492	0.007970549166202545	523	80	80	37	4.300644935197378	2.0	3.0	3.0	3.299999952316284	2	104.64457631086759	2.507017135620117	172.5200653076172	1.696601152420044	151250.0	0.0	980.1102386474605	851.3284301757812	1.6385747062059606	4911.4150390625	25356.240234375	24904.30078125	44106.0	16733.94970703125	35274.1494140625	5790.763671875	52.20731735229492
sub-16_ses-1_task-self_run-1_bold	0.002273621262458471	0.0033716866112956816	0	17.00035858473333	1.1638468919000005	1.1569748279000003	0.41205786851436127	576421312.0	0.10012569624051829	7	2.3255813953488373	2.543333243516558	2.5273166666666667	2.7787466666666667	2.32393639721634	0.020742	-0.005831563845276833	0.007762166205793619	301	80	80	37	4.381288712792601	2.0	3.0	3.0	3.299999952316284	2	93.73666575439802	1.3103773593902588	164.30703735351562	0.8838360905647278	150943.0	0.0	964.3212829589833	841.8156127929688	1.6039906204643728	4646.9736328125	24527.4375	24086.71875	44324.0	16243.2291015625	33885.3916015625	5497.5712890625	81.55558013916016
sub-16_ses-1_task-self_run-2_bold	0.0012291362126245849	0.0038196000332225907	0	17.146900291700014	1.1190284298	0.9664208754333335	0.4120459086288378	278714336.0	0.1103603159510891	23	7.641196013289036	2.5331611222941466	2.51216	2.765523333333333	2.321800033549107	0.0257557	-0.005811208859086037	0.007653440348803997	301	80	80	37	4.441379529723725	2.0	3.0	3.0	3.299999952316284	4	93.15916124290513	1.9492782354354858	163.39578247070312	1.3249201774597168	150917.0	0.0	946.2882202148436	853.0831909179688	1.5660337523461614	4630.134765625	24728.861328125	24264.6171875	44226.0	16565.01220703125	34110.0654296875	5463.24462890625	76.97724914550781
sub-17_ses-1_task-other_bold	0.0004775143403441683	0.004182464569789675	0	22.43684373701151	1.3128347114942533	0.9953224183524906	0.4009660274279399	114818320.0	0.1194989270113274	38	7.265774378585086	2.6492803742232796	2.5395366666666668	2.9448133333333337	2.4634911226698373	0.0146735	-0.0048493314534425735	0.003274953458458185	523	80	80	37	4.9957421833273745	2.0	3.0	3.0	3.299999713897705	8	84.5066530144731	42.28448486328125	2607.1376953125	28.93739128112793	154381.0	0.16436032950878143	8846.923828125	14524.1435546875	4.316177145428369	50922.5703125	328826.625	326725.875	41197.0	232365.0	419005.5875	65400.07421875	77.34317016601562
sub-17_ses-1_task-self_run-1_bold	0.00017501661129568105	0.00417795388704319	0	22.933548749266667	1.284831201400001	0.9737512611666667	0.40188333037660146	888054144.0	0.1345804962692606	44	14.617940199335548	2.6284057271432544	2.5174966666666667	2.925523333333333	2.4421971814297634	0.0223789	-0.00501649733632803	0.0034043341875076294	301	80	80	37	5.0170865541704375	2.0	3.0	3.0	3.299999713897705	0	82.32405094023484	14.71407413482666	2568.5576171875	9.985899925231934	154123.0	0.02505844235420227	9068.812011718732	14382.646484375	4.41754865626771	50145.734375	328557.15625	326397.3125	41356.0	232967.88671875	417409.078125	65056.35546875	79.83345794677734
sub-17_ses-1_task-self_run-2_bold	0.0020271428571428576	0.00436779584717608	0	22.337268613066648	1.3018222696333326	1.0144942224999995	0.40079185906112963	881248256.0	0.1433213662851557	51	16.943521594684384	2.626060171723525	2.5170833333333333	2.9141999999999997	2.446897181837242	0.0127934	-0.005043847486376762	0.003877766663208604	301	80	80	37	5.013185362256394	2.0	3.0	3.0	3.299999713897705	2	81.52867023289093	14.70407772064209	2662.185546875	10.04405403137207	154577.0	0.0324591875076294	10031.148437499996	14695.4775390625	4.220043569909333	51066.125	329313.78125	326857.71875	40998.0	233127.19218749998	419876.80000000005	65198.8125	78.85197448730469
sub-17_ses-2_task-other_bold	0.0005048374760994263	0.004362715372848948	0	18.68261223440613	1.1464498753639838	0.9717630149425287	0.4003862770449354	274416768.0	0.14800213224967476	109	20.84130019120459	2.690444093232544	2.59319	2.9773	2.500842279697633	0.0195555	-0.004816905129700899	0.004044304136186838	523	80	80	37	4.686185475659209	2.0	3.0	3.0	3.3000001907348633	0	85.36897830737374	27.222122192382812	2762.047607421875	18.667381286621094	154291.0	0.16814685612916946	9503.28271484375	15336.5322265625	3.352864856637855	59561.66796875	349988.84375	347351.375	41302.0	239736.03984375	459587.8859375	74121.515625	72.18882751464844
sub-17_ses-2_task-self_run-1_bold	0.0018333222591362123	0.005016273388704319	0	18.53755821233332	1.170232744933333	0.9718006912000006	0.39952325981395514	764068608.0	0.11416617717554753	14	4.651162790697675	2.655627629236108	2.5647100000000003	2.93507	2.4671028877083234	0.0214279	-0.004966106731444597	0.004163711331784725	301	80	80	37	4.7621438363715285	2.0	3.0	3.0	3.3000001907348633	0	84.39104911858257	17.53981590270996	2824.134765625	11.993059158325195	154617.0	0.05465876087546349	10309.775585937485	15702.845703125	3.509673213412257	59087.07421875	354296.84375	351148.65625	41030.0	244343.87109375	462065.7984374999	73736.6171875	71.0982437133789
sub-17_ses-2_task-self_run-2_bold	0.0008619601328903653	0.003795702159468439	0	18.113959337733316	1.1973549456999997	0.9907729176333328	0.39999638477686866	2349317376.0	0.10472678579763489	11	3.654485049833887	2.637164498335389	2.54479	2.9210066666666665	2.4456968283395	0.0154249	-0.005109329707920551	0.004212412983179092	301	80	80	37	4.808913220116129	2.0	3.0	3.0	3.3000001907348633	0	82.16226407147603	9.527328491210938	2815.70068359375	6.471066951751709	154539.0	0.022097713313996792	10230.278320312502	15587.9990234375	3.538622059449197	58463.5	353667.90625	350815.46875	41055.0	245359.14218750002	459560.4374999999	72950.203125	80.3584976196289
sub-18_ses-1_task-other_bold	0.003916749521988528	0.005686971969407265	0	23.199249154559396	1.2207925222605376	1.4123809051341005	0.40294407086757567	152133792.0	0.126670077801094	43	8.221797323135755	2.40851182908764	2.38984	2.57145	2.2642454872629205	0.0136414	-0.008308936841785908	0.009929950349032879	523	80	80	37	4.22465544757811	2.0	3.0	3.0	3.299999952316284	25	123.14828181805684	2.359407424926758	187.0425567626953	1.6332473754882812	153792.0	0.012517090560868385	847.8558319091571	964.1832275390625	1.1938601242697988	4600.65234375	22133.92578125	21849.88671875	41752.0	14040.61884765625	30604.883007812496	5171.9306640625	57.50392150878906
sub-18_ses-1_task-self_run-1_bold	0.000619734219269103	0.005374838205980066	0	23.247404798166645	1.1427290429999999	0.9595330375333333	0.40260201814160296	127787320.0	0.14385648738068121	48	15.946843853820598	2.379799505724001	2.356786666666667	2.54563	2.2369818505053356	0.0152814	-0.007674286607652903	0.009112554602324963	301	80	80	37	4.345066551594687	2.0	3.0	3.0	3.299999952316284	1	139.58649360633635	2.48368501663208	176.4486541748047	1.718029260635376	153828.0	0.01359568010084331	850.6390533447254	935.0446166992188	1.1947876104457151	4371.37158203125	21515.478515625	21242.5234375	41697.0	13966.708203125001	29518.2578125	4888.82470703125	60.95582580566406
sub-18_ses-1_task-self_run-2_bold	0.0029577408637873753	0.0067524406976744175	0	25.027915999233333	1.1889400952333333	1.0052120390000008	0.40308487318087455	95436448.0	0.1696725841233715	90	29.900332225913623	2.399928091678158	2.37941	2.5635499999999998	2.256824275034475	0.0147177	-0.007928806357085705	0.009509875439107418	301	80	80	37	4.285111825266914	2.0	3.0	3.0	3.299999952316284	3	108.36998616466015	2.878256320953369	184.40774536132812	1.9716044664382935	153819.0	0.009917594958096744	845.9123718261751	941.652587890625	1.206543043786648	4445.4208984375	21726.697265625	21439.353515625	41719.0	13987.8681640625	29915.416796875	5003.1591796875	55.86398696899414
sub-19_ses-1_task-other_bold	0.0016163479923518166	0.004960081835564054	0	21.56634499015324	1.2180535899999991	1.0226914228160922	0.39043707125883564	155682080.0	0.1949519653483323	230	43.977055449330784	2.4696533442188673	2.3896866666666665	2.75924	2.2600333659899356	0.0115741	-0.00617228401824832	0.004049339797347784	523	80	80	37	4.453162013935031	2.0	3.0	3.0	3.299999952316284	0	129.38427163241263	41.15879821777344	2650.360107421875	28.089704513549805	155268.0	0.163106669485569	11175.43203124997	14330.607421875	2.3178994566905056	74400.5	411817.28125	406783.09375	39779.0	280642.3125	556596.01875	91345.875	66.74715423583984
sub-19_ses-1_task-self_run-1_bold	0.00033059800664451825	0.0037607352823920263	0	20.63069514256665	1.2190116742999997	0.9822234483666661	0.3889840870646749	552692032.0	0.16683387222097348	94	31.229235880398672	2.449485768367019	2.3739733333333333	2.7340233333333335	2.2404606384343904	0.0226637	-0.0060787806287407875	0.004070398397743702	301	80	80	37	4.4739327564403	2.0	3.0	3.0	3.299999952316284	2	121.66226585737675	22.06121826171875	2490.9775390625	15.043584823608398	155422.0	0.07612488344311714	10184.00034179685	14277.4873046875	2.386883873358837	72656.84375	404712.5625	400615.59375	39708.0	274921.1296875	545049.98125	89543.265625	76.91246032714844
sub-19_ses-1_task-self_run-2_bold	0.0007102325581395349	0.004747124518272425	0	20.98994818993335	1.1930807893000006	0.9776143617333328	0.3902491591591695	384573888.0	0.15767207084791976	84	27.906976744186046	2.4576226371042718	2.37812	2.7438266666666666	2.250921244646148	0.0213741	-0.006018062587827444	0.004368653986603022	301	80	80	37	4.471840228107612	2.0	3.0	3.0	3.299999952316284	1	122.29664930293958	27.180070877075195	2542.443603515625	18.526378631591797	155266.0	0.07480620592832565	11590.958251953125	14195.4384765625	2.3960634100796527	72004.6640625	403655.4375	399817.15625	39871.0	273250.171875	542889.53125	89406.625	70.29920959472656
sub-19_ses-2_task-other_bold	0.0019379349904397707	0.009353620707456977	0	19.408215882682008	1.1218680513793093	0.9669948425670496	0.38904364324038354	171156896.0	0.19698914843690615	230	43.977055449330784	2.5416920311932265	2.4695966666666664	2.873506666666667	2.2819727602463455	0.0144902	-0.006465706508606672	0.005967321339994669	523	80	80	37	4.541015058344078	2.0	3.0	3.0	3.299999952316284	0	204.0872669232823	40.404693603515625	2662.4150390625	28.214191436767578	155660.0	0.5278357058763504	11385.08964843749	15205.4697265625	2.5106919590777013	72634.7265625	412217.9375	409089.90625	39717.0	277401.83125000005	552475.5499999999	90086.6328125	55.21890640258789
sub-19_ses-2_task-self_run-1_bold	0.0025263122923588044	0.007736049700996678	0	17.8303728357	1.0773447244666665	0.9773337147000006	0.3889527886523896	401359392.0	0.19175147309783055	121	40.199335548172755	2.519205768465758	2.4529033333333334	2.8437533333333334	2.2609606387306074	0.0170695	-0.006567603908479214	0.006873391568660736	301	80	80	37	4.601501843429835	2.0	3.0	3.0	3.299999952316284	0	188.21787920951414	25.81497573852539	2717.368408203125	17.705699920654297	155843.0	0.17871217131614686	11121.982324218732	15505.609375	2.6308845319844165	71266.71875	410861.0	407765.4375	39596.0	278881.859375	546718.59375	88614.609375	58.656471252441406
sub-19_ses-2_task-self_run-2_bold	0.0004137541528239203	0.0051005791362126246	0	18.010102751999998	1.0857595741333335	1.8195420253999988	0.3882951571165353	522867456.0	0.17782576066865768	111	36.87707641196013	2.5027059703989125	2.4418466666666667	2.8233833333333336	2.2428879111967364	0.0310687	-0.006243606563657522	0.006046045571565628	301	80	80	37	4.618014824785884	2.0	3.0	3.0	3.299999952316284	0	209.4714775274436	23.770112991333008	2606.067138671875	16.352935791015625	155867.0	0.17125505656003953	11210.001660156246	15370.8974609375	2.563293721775212	71142.671875	411468.0	407584.53125	39609.0	281302.18125	547711.4874999999	88258.5703125	68.77531433105469
sub-20_ses-1_task-other_bold	0.0005061185468451243	0.004362120191204588	0	18.316164420268187	1.1587002770689656	0.9723508727777781	0.43557278730093385	207329536.0	0.15894001779509379	146	27.915869980879542	2.5307880924078634	2.46309	2.72095	2.408324277223591	0.00888876	-0.003473613178357482	0.004470527172088623	523	80	80	37	4.971187076869113	2.0	3.0	3.0	3.299999952316284	0	52.6659224812142	36.510047912597656	4350.67431640625	24.936105728149414	147260.0	0.13315592855215078	21195.182324218542	21300.921875	2.4519503321451115	67466.7421875	399951.25	398340.3125	47213.0	275725.05	522438.34375	80128.96875	76.51762390136719
sub-20_ses-1_task-self_run-1_bold	0.0006541860465116278	0.0031589087375415276	0	17.63604627296667	1.179154839433333	0.9979593088000004	0.4357666185303845	340900736.0	0.15012469479756155	77	25.58139534883721	2.5107790014114624	2.4443033333333335	2.697836666666667	2.3901970042343863	0.00917175	-0.003852791152894497	0.004311623051762581	301	80	80	37	5.041898011981187	2.0	3.0	3.0	3.299999952316284	1	49.446636672428006	28.245410919189453	4481.634765625	19.42084503173828	147266.0	0.1629244163632393	22858.298828125	21876.06640625	2.342951992100452	67714.609375	403648.34375	401565.125	47124.0	278779.5796875	526425.8156249999	79644.78125	87.08737182617188
sub-20_ses-1_task-self_run-2_bold	0.0002703654485049834	0.002957091029900332	0	16.91768369686667	1.160331928499999	0.9889244633333337	0.43636035589815386	384449376.0	0.12258883068017944	34	11.295681063122924	2.482831526585113	2.40923	2.6654433333333336	2.3738212464220054	0.0129204	-0.0038694862741976976	0.0047976551577448845	301	80	80	37	5.122340608211118	2.0	3.0	3.0	3.299999952316284	0	48.42789091676049	27.582782745361328	4467.72802734375	18.900253295898438	147374.0	0.07029708102345467	23509.872558593765	21744.822265625	2.3244102706742407	66548.53125	401923.59375	399530.53125	46990.0	281190.6265625	522191.834375	77996.8203125	89.96711730957031
sub-20_ses-2_task-other_bold	0.00028565965583173995	0.00390927621414914	0	18.684035816647505	1.2021096901149415	0.9790106643486589	0.43798373805453616	117506096.0	0.1442359037556525	104	19.88527724665392	2.4594285969149907	2.3612100000000003	2.7215666666666665	2.2955091240783045	0.010912	-0.004362133797258139	0.0057586561888456345	523	80	80	37	5.029426367332379	2.0	3.0	3.0	3.299999952316284	0	55.483544021972726	51.386627197265625	4518.45166015625	35.5678596496582	147011.0	0.1397094428539276	22713.7412109375	22213.15234375	2.923801795786388	65785.890625	404900.78125	404652.28125	47689.0	279501.50625	523794.44375000003	80456.1015625	80.37130737304688
sub-20_ses-2_task-self_run-1_bold	0.00022265780730897007	0.003276422956810631	0	19.17869581553331	1.2295985355333336	0.9943913415666666	0.43808594439828125	528570848.0	0.15005863458412408	69	22.92358803986711	2.4510782938720475	2.35652	2.70383	2.2928848816161427	0.0201651	-0.004201831296086311	0.004991482477635145	301	80	80	37	5.086102793090273	2.0	3.0	3.0	3.299999952316284	1	52.18031892885371	22.56093978881836	4599.56884765625	15.31668472290039	147094.0	0.05959430187940598	24102.735839843794	22477.51171875	3.0001318363919287	64410.2890625	403676.71875	403385.75	47620.0	279289.74375	520550.4671875	79310.53125	88.73082733154297
sub-20_ses-2_task-self_run-2_bold	0.0030716611295681065	0.004668424983388704	0	20.205118748499995	1.2826059895333328	1.0274607566999998	0.4385411903458867	146026528.0	0.1552602427817536	80	26.578073089700997	2.461957283827537	2.3659333333333334	2.7153233333333335	2.304615184815944	0.0154173	-0.004372972529381514	0.005378273315727711	301	80	80	37	5.089541971794139	2.0	3.0	3.0	3.299999952316284	0	52.848313110487226	43.10648727416992	4659.68017578125	29.51891326904297	147096.0	0.1832226738333702	22863.8447265625	22690.7734375	2.8657644883983586	65112.32421875	405374.34375	404969.6875	47572.0	279991.871875	523607.99843749986	79568.1484375	76.31954956054688
sub-21_ses-1_task-other_bold	0.0002699617590822179	0.002768931223709369	0	21.27101803168585	1.3715946965134087	0.9854111482375475	0.39992296324234966	674949504.0	0.13475242526446657	96	18.35564053537285	2.5549347590327867	2.46613	2.7990166666666667	2.3996576104316945	0.0364496	-0.007575929630547762	0.004666210617870092	523	80	80	37	4.825186470484307	2.0	3.0	3.0	3.299999952316284	0	104.83486596240742	20.673555374145508	2542.337890625	14.141772270202637	154077.0	0.10501552522182465	9925.221679687369	14781.2978515625	1.730216209632185	73770.953125	410686.96875	406666.75	41521.0	284094.84375	546913.3125	84278.9921875	91.0537338256836
sub-21_ses-1_task-self_run-1_bold	0.0004849833887043188	0.0025155304318936877	0	20.801897249300016	1.3771024278666657	0.998326584033333	0.40090387656520243	1655289856.0	0.12764801500691622	41	13.621262458471762	2.551707486302712	2.45364	2.8024066666666667	2.399075792241469	0.0251311	-0.007892404682934284	0.005319953430444002	301	80	80	37	4.827353349295392	2.0	3.0	3.0	3.299999952316284	0	106.01779545843327	13.441959381103516	2622.609619140625	9.148058891296387	154015.0	0.039281797409057614	10813.41523437497	15009.578125	1.8377821122945655	72821.625	408865.9375	405114.8125	41630.0	283709.8109375	544311.1187499999	83919.6796875	96.99958801269531
sub-21_ses-2_task-other_bold	0.000979847036328872	0.006045669349904397	0	18.963921665536404	1.2100893760727967	1.0094805877394637	0.4015554673453177	1050556928.0	0.17638327653922467	175	33.460803059273424	2.5199776883158207	2.44021	2.72212	2.397603064947462	0.0140782	-0.00821580272167921	0.004934143275022507	523	80	80	37	5.0110874532277725	2.0	3.0	3.0	3.299999952316284	2	102.24219451270855	19.42702865600586	3056.621826171875	13.45132827758789	153738.0	0.12199539802968502	13929.046582031213	16358.8193359375	1.88303209053029	82059.4375	482113.03125	476443.0625	41782.0	340409.6765625	636650.1031249998	95076.640625	70.92005920410156
sub-21_ses-2_task-self_run-1_bold	0.0015455149501661127	0.004826653920265781	0	18.573507169233345	1.239789314400001	0.9664287296999998	0.4018617214986895	1148588800.0	0.14848032208010778	73	24.25249169435216	2.5053717285901937	2.42392	2.7215133333333337	2.370681852437248	0.0221323	-0.008248621597886086	0.005282320082187653	301	80	80	37	4.988131148570476	2.0	3.0	3.0	3.299999952316284	1	96.43543123330409	18.78573989868164	3149.286865234375	12.87514877319336	153770.0	0.07013313025236131	14097.851708984275	16961.537109375	1.8769527469482652	81861.0	482028.09375	476839.125	41803.0	338807.69687499997	636555.6625000002	95593.6015625	78.64710998535156
sub-21_ses-2_task-self_run-2_bold	0.0016983720930232556	0.004354406179401993	0	18.750683072566662	1.2694076571666661	1.0179609482333334	0.4023444143700218	850402624.0	0.1399984892344087	62	20.59800664451827	2.5085489003185315	2.4227933333333334	2.7298533333333332	2.373000034288927	0.0241552	-0.00821484625339508	0.005513452924787998	301	80	80	37	4.994339117131011	2.0	3.0	3.0	3.299999952316284	0	100.07241402995014	21.824588775634766	3188.646240234375	14.785497665405273	153762.0	0.02245290232822299	14143.298730468714	16972.6484375	1.7786594834354945	81889.8671875	477928.0	473364.125	41833.0	334269.76875	630523.05	94779.0	80.46371459960938
sub-22_ses-1_task-other_bold	0.001435965583173996	0.00984287395793499	0	19.845679217356324	1.124612697260536	0.9734439991954016	0.4192766527064338	59999596.0	0.16391329567051854	126	24.091778202676863	2.6120364759536354	2.4985033333333333	2.9900333333333333	2.34757276119424	0.0236117	-0.010056841187179089	0.009793364442884922	523	80	80	37	4.707829813001489	2.0	3.0	3.0	3.299999952316284	0	55.752388937458775	4.05814266204834	285.92132568359375	2.8459959030151367	152284.0	0.042303032241761684	1383.2892578125006	1321.37158203125	3.0755012661735144	3935.5849609375	23661.05859375	23539.283203125	43261.0	15867.24609375	30931.76953125	4999.970703125	54.947425842285156
sub-22_ses-1_task-self_run-1_bold	0.0006003654485049833	0.003956587275747508	0	20.444791771733332	1.1925827747666666	0.9970863170000008	0.4171962812970985	152524272.0	0.18174780532920942	102	33.88704318936877	2.602967082005003	2.500246666666667	2.9629999999999996	2.3456545793483414	0.0330252	-0.009817918762564659	0.00844777375459671	301	80	80	37	4.664189872410232	2.0	3.0	3.0	3.299999952316284	0	53.52763706831715	2.5699925422668457	278.0578918457031	1.7697919607162476	152516.0	0.010525640565901995	1274.9576721191406	1337.861572265625	3.1732622116728217	3910.521484375	23331.2890625	23193.607421875	43006.0	15694.203857421875	30537.24951171875	4972.64013671875	77.80484008789062
sub-22_ses-1_task-self_run-2_bold	0.0012171760797342196	0.004856361860465116	0	20.96054607100002	1.2008224632666655	0.996713395366667	0.4196408413561212	75689336.0	0.1839521107359487	102	33.88704318936877	2.5930827385105983	2.4918400000000003	2.954223333333333	2.333184882198462	0.0252349	-0.010016771033406258	0.009084726683795452	301	80	80	37	4.716874760889699	2.0	3.0	3.0	3.299999952316284	3	49.60520708905105	3.535083055496216	288.9420471191406	2.420109987258911	152341.0	0.011446407996118069	1313.97900390625	1342.9949951171875	3.158192270271856	3768.404296875	22902.375	22776.529296875	43225.0	15414.250390625	29922.29101562498	4828.67724609375	71.47640991210938
sub-23_ses-1_task-other_bold	0.0005372466539196941	0.004835059923518165	0	24.788986914808422	1.336578756858238	0.9861206375095783	0.3932075888758553	246977936.0	0.17513305682309654	172	32.88718929254302	2.5192778897339263	2.49525	2.789986666666667	2.2725970025351123	0.0298516	-0.00040024073678068817	0.0022399728186428547	523	80	80	37	4.933608547633602	2.0	3.0	3.0	3.299999952316284	1	84.39314556056284	34.22760772705078	3305.216064453125	23.627395629882812	155560.0	0.15651116296648981	10748.151464843648	19864.7578125	2.152321448504111	68513.2265625	401139.0625	402348.90625	39652.0	261497.94140625	520202.3656249999	81551.6328125	70.89386749267578
sub-23_ses-1_task-self_run-1_bold	0.000941860465116279	0.004610136578073089	0	24.38330584193332	1.3183382564999995	0.9970723846	0.39460713873401604	374421504.0	0.1841508546499514	106	35.21594684385382	2.511506374573639	2.48257	2.7811733333333333	2.2707757903875843	0.0262884	-0.0004967364948242903	0.001603961456567049	301	80	80	37	4.900256247073732	2.0	3.0	3.0	3.299999952316284	1	85.42530404415588	27.334402084350586	3413.146484375	18.82220458984375	155421.0	0.1676543951034546	12268.6005859375	20107.07421875	2.2059720000561525	69016.8984375	405053.3125	406249.4375	39815.0	265589.915625	526742.35	82902.671875	73.6512451171875
sub-23_ses-1_task-self_run-2_bold	0.0006041196013289036	0.003752022724252492	0	24.819594859799995	1.3341435455333337	0.9945925290333328	0.39312200474588865	661888768.0	0.19846958296449946	132	43.85382059800664	2.510760616976397	2.492036666666667	2.77393	2.266315184262524	0.0275462	-0.0002677987504284829	0.0013324435567483306	301	80	80	37	4.9087592963367035	2.0	3.0	3.0	3.299999952316284	4	85.15106557783753	21.04110336303711	3375.39453125	14.413175582885742	155616.0	0.0934553723782301	11163.607177734375	20407.609375	2.2118859005868883	69006.515625	404190.65625	405761.28125	39649.0	263071.1375	524679.1625	82659.6171875	78.7618179321289
sub-23_ses-2_task-other_bold	0.003447877629063098	0.008577376826003824	0	24.9895410136207	1.2361150088122608	1.00946055710728	0.39141137623816186	75404840.0	0.2489353686887045	285	54.493307839388144	2.5937630416074864	2.56366	2.87062	2.3470091248224594	0.0189919	-0.0013463462237268686	0.0024733804166316986	523	80	80	37	4.571003863753394	2.0	3.0	3.0	3.299999952316284	4	88.88646661789247	64.20741271972656	3310.401611328125	44.23367691040039	155435.0	0.41175444424152374	10848.694824218728	19511.873046875	1.8033649348613459	76827.890625	418052.5	420289.0625	39717.0	254933.16875	554396.85	91945.6171875	50.97122573852539
sub-23_ses-2_task-self_run-1_bold	0.0019000664451827242	0.005849586877076412	0	23.0565438301	1.2081229525666675	0.9954427038666669	0.39183743195669296	185866064.0	0.21863213939879272	147	48.83720930232558	2.5527768798324666	2.5231766666666666	2.821126666666667	2.314027306164067	0.0383381	-0.0016170978778973222	0.0025454803835600615	301	80	80	37	4.708816946901083	2.0	3.0	3.0	3.299999952316284	4	91.08624351881942	41.090972900390625	3334.511962890625	28.32514190673828	155468.0	0.24402192831039432	10970.600341796859	19919.708984375	1.9236234868624917	74827.8359375	417490.09375	420468.1875	39636.0	259976.0234375	548451.78125	89292.6796875	62.6671257019043
sub-23_ses-2_task-self_run-2_bold	0.0060522591362126245	0.009412447940199338	0	24.955683409199995	1.249581247233333	1.2448163354666668	0.39132352175704505	111850392.0	0.2685797227895859	182	60.46511627906977	2.5716078900529418	2.5333433333333333	2.8426500000000003	2.3388303368254912	0.0191404	-0.0018378077074885368	0.002154290210455656	301	80	80	37	4.722034226375636	2.0	3.0	3.0	3.299999952316284	4	85.96218022868997	50.668067932128906	3509.117431640625	35.01920700073242	156115.0	0.47210612893104564	12751.712597656246	19366.6484375	1.777508202564058	75075.671875	419324.65625	421586.5625	39212.0	260779.74296875	550610.4781249999	89279.5703125	50.03407287597656
sub-24_ses-1_task-other_bold	0.001370076481835564	0.005452623556405354	0	20.45396273900383	1.298432214444444	0.9835668177011498	0.3663605648984604	1593101952.0	0.10927518034396855	19	3.632887189292543	2.555990112275324	2.54729	2.7818166666666664	2.338863670159306	0.0221361	-0.0047179292887449265	0.001739002764225006	523	80	80	37	4.980784940542999	2.0	3.0	3.0	3.299999952316284	0	119.49588699542277	0.789897084236145	148.3319549560547	0.5327774882316589	161760.0	0.0	505.7677841186477	922.1550903320312	2.5574350156669663	3862.14111328125	23149.052734375	23081.939453125	35205.0	16007.356054687501	30188.491406249992	4634.13134765625	70.83379364013672
sub-24_ses-1_task-self_run-1_bold	0.0006311627906976744	0.003213308970099668	0	22.886071106633345	1.4283669667	0.9880378850000003	0.36614463828727983	1276280064.0	0.10102913891741735	2	0.6644518272425249	2.5518771828969236	2.55065	2.783863333333333	2.321118215357437	0.0237743	-0.004566255025565624	0.0017218232387676835	301	80	80	37	4.985742198829056	2.0	3.0	3.0	3.299999952316284	1	118.51995732357972	0.8823031783103943	146.44895935058594	0.595104455947876	161726.0	0.0	504.62115478515625	922.98193359375	2.4428533216524757	3774.6865234375	22742.87890625	22675.623046875	35270.0	15699.1859375	29698.594042968743	4548.029296875	92.65884399414062
sub-24_ses-1_task-self_run-2_bold	0.0010011960132890363	0.003430937176079734	0	22.354534133000005	1.416382939333332	0.9940263663333333	0.3664973940972464	1327087104.0	0.09304465774854398	3	0.9966777408637874	2.546905061677402	2.5482299999999998	2.7729033333333333	2.3195818516988735	0.0231225	-0.004430906847119331	0.0011711039114743471	301	80	80	37	4.967206290151236	2.0	3.0	3.0	3.299999952316284	0	117.82673484258417	0.8541444540023804	149.4121856689453	0.5799872875213623	161738.0	0.0004101173646631651	517.0911071777339	928.8804931640625	2.508239818346339	3779.620849609375	22756.203125	22695.43359375	35306.0	15660.638916015625	29687.48974609375	4568.9892578125	88.6495361328125
sub-25_ses-1_task-other_bold	0.00044252390057361384	0.004990749407265775	0	25.484083698237537	1.253771052950192	0.9815883152681986	0.39471745347472625	904415616.0	0.13890443561225282	95	18.164435946462714	2.2909746568092544	2.2622733333333334	2.4629233333333334	2.1477273037610964	0.00935084	-0.006384738255292177	0.003201527986675501	523	80	80	37	4.797254613519597	2.0	3.0	3.0	3.299999952316284	1	136.59575296729366	0.9573481678962708	151.5887451171875	0.647675633430481	155336.0	0.0009158644679700956	648.3249664306641	900.9651489257812	2.1840320524545014	4146.7314453125	22641.087890625	22423.76953125	40121.0	15642.55078125	29863.95703125	4674.23388671875	68.96194458007812
sub-25_ses-1_task-self_run-1_bold	0.00012973421926910298	0.0034066744186046507	0	26.315111630933323	1.3189756115	0.9827513437999996	0.39470042584109954	988027136.0	0.1180358696900826	17	5.647840531561462	2.2828187982052968	2.251723333333333	2.4527633333333334	2.143969727949225	0.0107703	-0.0062068453989923	0.0033302397932857275	301	80	80	37	4.815810579424577	2.0	3.0	3.0	3.299999952316284	0	140.96690145994683	0.9509427547454834	146.14987182617188	0.6471248865127563	155272.0	0.002182294544763863	643.9766082763633	886.041748046875	2.2550292344920093	4077.7412109375	22398.173828125	22188.40625	40167.0	15553.521875	29571.5453125	4607.35107421875	81.83432006835938
sub-25_ses-1_task-self_run-2_bold	0.00011691029900332228	0.0031490932890365446	0	27.40792284656667	1.3368510691333346	0.9920054754333332	0.39427055917599485	2293501696.0	0.12632498750811852	31	10.299003322259136	2.2829795053019115	2.2509866666666665	2.4486033333333332	2.1493485159057344	0.0111629	-0.00617219228297472	0.0034569483250379562	301	80	80	37	4.773571876197226	2.0	3.0	3.0	3.299999952316284	0	136.5566472714485	0.6116020083427429	148.10499572753906	0.41507166624069214	155376.0	0.001112920988816768	657.9586639404297	896.5196533203125	2.298268323473965	4080.822265625	22465.978515625	22266.09765625	40129.0	15527.4130859375	29726.096875	4664.39404296875	84.80838775634766
sub-26_ses-1_task-other_bold	0.004886080305927342	0.01107110793499044	0	21.60244590938697	1.1643076855938692	1.1760559828927193	0.39992965266984587	74350976.0	0.19464940342309547	216	41.30019120458891	2.523370819053405	2.49954	2.7924633333333335	2.2781091238268814	0.00954372	-0.002570563927292824	0.0030892009381204844	523	80	80	37	5.168091485126047	2.0	3.0	3.0	3.299999952316284	0	122.47174782904597	60.45045471191406	2851.874267578125	41.613426208496094	153648.0	0.37433756738901147	11954.401660156233	15476.4306640625	2.491083660277482	65629.0546875	400164.84375	400049.125	41262.0	278369.3578125	515290.0234375	77406.578125	49.395416259765625
sub-26_ses-1_task-self_run-1_bold	0.012746511627906975	0.012859959667774088	0	23.73722265863333	1.205092973866667	1.1096109775333332	0.3987921662015971	141866368.0	0.263400998454393	173	57.475083056478404	2.5074171826379543	2.4821866666666668	2.7727133333333334	2.267351547913863	0.0144386	-0.002716922201216221	0.0037371611688286066	301	80	80	37	5.186004002169339	2.0	3.0	3.0	3.299999952316284	41	122.76003335092105	45.3614501953125	2745.271484375	30.979948043823242	153794.0	0.0	11015.653662109493	15357.9296875	2.6245147041778	64722.76953125	399084.5625	399159.4375	41031.0	279552.84375	513282.96875	76967.65625	45.29170227050781
sub-26_ses-1_task-self_run-2_bold	0.0033195016611295676	0.01357579926910299	0	22.31348587673334	1.1785989325666661	1.0160690701666668	0.3986408229722435	44147776.0	0.21795923387397959	156	51.82724252491694	2.5132818291447965	2.4878566666666666	2.7758766666666665	2.2761121541010563	0.0110556	-0.0027761459350585938	0.0036862841807305813	301	80	80	37	5.105329607014352	2.0	3.0	3.0	3.299999952316284	2	118.03985781118564	78.83712768554688	2902.083740234375	55.11247253417969	154004.0	0.8994945019483567	11759.52114257814	15631.7158203125	2.555462000831903	67086.265625	406999.53125	406466.34375	40903.0	282991.690625	526057.85625	79615.109375	46.24120330810547
sub-26_ses-2_task-other_bold	0.0028577437858508608	0.010581275583173995	0	22.387809307662838	1.1721426764750962	0.9715077172222217	0.40327489346375167	40141768.0	0.23203317114572852	293	56.022944550669216	2.5513965768821616	2.52493	2.7986233333333335	2.3306363973131523	0.0140117	-0.0034291900228708982	0.0038203326985239983	523	80	80	37	4.959974669751502	2.0	3.0	3.0	3.299999952316284	2	106.78746450431674	84.12445831298828	3051.093505859375	58.605316162109375	152637.0	0.9204654216766357	12357.730468749989	16606.458984375	2.112599099663976	75075.0390625	421728.0	420215.3125	41867.0	289764.121875	550104.25	84720.25	49.42286682128906
sub-26_ses-2_task-self_run-1_bold	0.0030320930232558135	0.00746161318936877	0	22.49256302519999	1.1750398122666665	1.0066520346333339	0.40097827110735723	74165184.0	0.2870747870603266	209	69.43521594684385	2.559802839515226	2.54167	2.8056900000000002	2.3320485185456783	0.0217811	-0.003115365980193019	0.0037180758081376553	301	80	80	37	4.923617426033548	2.0	3.0	3.0	3.299999952316284	1	103.23996678114808	63.85321807861328	2977.505126953125	44.57666778564453	152890.0	0.44072875678539275	12043.032470703067	16687.03515625	2.234202350411733	75032.046875	423303.09375	421997.53125	41765.0	290607.31875	551950.9499999998	85707.8125	55.54389572143555
sub-26_ses-2_task-self_run-2_bold	0.001057641196013289	0.009786819999999998	0	21.10619752919999	1.0923442800666665	0.9413195322666664	0.40214985338484427	68882816.0	0.2632342449365914	194	64.45182724252491	2.5393674859350495	2.506283333333333	2.7890766666666664	2.3227424578051488	0.026943	-0.003265668172389269	0.003912458196282387	301	80	80	37	5.016333289332313	2.0	3.0	3.0	3.299999952316284	1	101.31437390181013	66.11956787109375	3074.494873046875	45.90067672729492	152929.0	0.40389719009399416	12664.897656250003	16690.326171875	2.1549053692540427	74640.453125	425436.34375	424173.375	41697.0	294458.69375000003	553080.05	84557.4375	51.52582550048828
